{
    "rep_2": [
        0.4527990860592986,
        1.510459485210897
    ],
    "rep_3": [
        0.24515508662938235,
        0.7562017117351989,
        1.3443159868430863,
        2.152520929150742
    ],
    "rep_4": [
        0.12839907298011335,
        0.38805566963922505,
        0.6567750212102492,
        0.9423620309883213,
        1.2562588422128576,
        1.6180929767181307,
        2.0690971033405017,
        2.7326998327627443
    ],
    "rep_6": [
        0.03340755590605132,
        0.10026794206810209,
        0.16728084162606832,
        0.23454405631630076,
        0.3021671748638805,
        0.3702582183125268,
        0.43891956032627155,
        0.5082761878661571,
        0.5784522789935916,
        0.6495917339467675,
        0.7218391487118208,
        0.7953700440809602,
        0.8703761496289273,
        0.9470529889044809,
        1.0256179396999803,
        1.1063520204296617,
        1.189575258367463,
        1.2756282219529644,
        1.3649425858471735,
        1.4580361268945856,
        1.55554474453991,
        1.6582533461826339,
        1.7671481760935528,
        1.8835214231128468,
        2.009074437176541,
        2.1461707498669136,
        2.298197002548407,
        2.470331583484612,
        2.6710319677014693,
        2.9157368767277845,
        3.2379666106961515,
        3.740725435537404
    ],
    "rep_8": [
        0.0084462,
        0.02533940343301081,
        0.042235017700133985,
        0.05913465180863476,
        0.07603991744580058,
        0.09295243005743434,
        0.1098738099328575,
        0.1268056832983197,
        0.14374968342073902,
        0.16070745172373158,
        0.17768063891792957,
        0.19467090614763488,
        0.21167992615590997,
        0.22870938447027017,
        0.2457609806112115,
        0.2628364293258861,
        0.2799374618493245,
        0.29706582719569924,
        0.3142232934822305,
        0.33141164928844963,
        0.34863270505366345,
        0.36588829451560007,
        0.3831802761933682,
        0.4005105349180264,
        0.41788098341423635,
        0.4352935639366697,
        0.4527502499650478,
        0.4702530479619243,
        0.4878039991975672,
        0.505405181646569,
        0.5230587119611059,
        0.5407667475260842,
        0.5585314886017605,
        0.576355180559794,
        0.5942401162191007,
        0.6121886382883202,
        0.6302031419221892,
        0.6482860773996422,
        0.6664399529320286,
        0.684667337610462,
        0.702970864501993,
        0.7213532339050432,
        0.7398172167753432,
        0.7583656583345046,
        0.7770014818743278,
        0.7957276927710009,
        0.8145473827245147,
        0.833463734239891,
        0.8524800253682221,
        0.8715996347270625,
        0.8908260468214062,
        0.9101628576883554,
        0.9296137808906428,
        0.949182653886453,
        0.9688734448054983,
        0.9886902596641032,
        1.0086373500551316,
        1.0287191213520341,
        1.0489401414701012,
        1.069305150232262,
        1.0898190693915046,
        1.1104870133672853,
        1.1313143007592108,
        1.1523064667079115,
        1.1734692761804577,
        1.1948087382660388,
        1.2163311215770378,
        1.2380429708612597,
        1.2599511249430744,
        1.282062736124834,
        1.3043852911953453,
        1.3269266342097221,
        1.349694991224921,
        1.3726989971980867,
        1.3959477252809511,
        1.419450718773492,
        1.443218026034519,
        1.4672602386865827,
        1.4915885334985275,
        1.5162147183822505,
        1.541151283002107,
        1.5664114545675505,
        1.592009259463966,
        1.6179595914756326,
        1.6442782874712478,
        1.6709822115600599,
        1.6980893488897524,
        1.7256189104513184,
        1.7535914504879917,
        1.7820289983833997,
        1.8109552072391055,
        1.8403955217571173,
        1.8703773685358762,
        1.9009303724906081,
        1.9320866038488933,
        1.9638808610863794,
        1.9963509963033108,
        2.029538290962491,
        2.0634878916962203,
        2.098249318154174,
        2.1338770577549777,
        2.170431265923754,
        2.2079785952240814,
        2.2465931831112123,
        2.286357836385384,
        2.327365461578646,
        2.3697208055729693,
        2.413542591337884,
        2.4589661621889087,
        2.506146788015667,
        2.555263844054706,
        2.6065261556652315,
        2.660178925090488,
        2.7165128411044925,
        2.7758762580400624,
        2.838691783344972,
        2.9054793515040425,
        2.9768891084378213,
        3.053749615143997,
        3.1371408832783834,
        3.228509489143187,
        3.329858921391219,
        3.444083665749983,
        3.5756020676110554,
        3.7316834456293497,
        3.9256599693850385,
        4.186627263934654,
        4.603594700895072
    ]
}