{
    "thr_2": [
        0.9765625
    ],
    "thr_3": [
        0.5,
        1.046875,
        1.74609375
    ],
    "thr_4": [
        0.2578125,
        0.521484375,
        0.798828125,
        1.09765625,
        1.435546875,
        1.841796875,
        2.400390625
    ],
    "thr_6": [
        0.06640625,
        0.1328125,
        0.2001953125,
        0.267578125,
        0.3359375,
        0.404296875,
        0.47265625,
        0.54296875,
        0.61328125,
        0.685546875,
        0.7578125,
        0.83203125,
        0.908203125,
        0.986328125,
        1.0654296875,
        1.1474609375,
        1.232421875,
        1.3193359375,
        1.4111328125,
        1.505859375,
        1.6064453125,
        1.7119140625,
        1.8251953125,
        1.9462890625,
        2.0771484375,
        2.2216796875,
        2.3837890625,
        2.5703125,
        2.79296875,
        3.076171875,
        3.48828125
    ],
    "thr_8": [
        0.0166015625,
        0.0341796875,
        0.05078125,
        0.0673828125,
        0.0849609375,
        0.1015625,
        0.1181640625,
        0.1357421875,
        0.15234375,
        0.1689453125,
        0.1865234375,
        0.203125,
        0.2197265625,
        0.2373046875,
        0.25390625,
        0.271484375,
        0.2880859375,
        0.3056640625,
        0.3232421875,
        0.33984375,
        0.357421875,
        0.375,
        0.3916015625,
        0.4091796875,
        0.4267578125,
        0.4443359375,
        0.4619140625,
        0.4794921875,
        0.4970703125,
        0.5146484375,
        0.5322265625,
        0.5498046875,
        0.5673828125,
        0.5849609375,
        0.603515625,
        0.62109375,
        0.6396484375,
        0.6572265625,
        0.67578125,
        0.693359375,
        0.7119140625,
        0.73046875,
        0.7490234375,
        0.767578125,
        0.7861328125,
        0.8046875,
        0.82421875,
        0.8427734375,
        0.8623046875,
        0.880859375,
        0.900390625,
        0.919921875,
        0.939453125,
        0.958984375,
        0.978515625,
        0.9990234375,
        1.0185546875,
        1.0390625,
        1.0595703125,
        1.0791015625,
        1.1005859375,
        1.12109375,
        1.1416015625,
        1.1630859375,
        1.1845703125,
        1.2060546875,
        1.2275390625,
        1.2490234375,
        1.271484375,
        1.29296875,
        1.3154296875,
        1.337890625,
        1.361328125,
        1.384765625,
        1.4072265625,
        1.431640625,
        1.455078125,
        1.4794921875,
        1.50390625,
        1.5283203125,
        1.5537109375,
        1.5791015625,
        1.60546875,
        1.630859375,
        1.6572265625,
        1.6845703125,
        1.7119140625,
        1.7392578125,
        1.767578125,
        1.796875,
        1.8251953125,
        1.85546875,
        1.8857421875,
        1.9169921875,
        1.9482421875,
        1.98046875,
        2.0126953125,
        2.046875,
        2.0810546875,
        2.1162109375,
        2.15234375,
        2.189453125,
        2.2275390625,
        2.2666015625,
        2.306640625,
        2.3486328125,
        2.3916015625,
        2.4365234375,
        2.482421875,
        2.5302734375,
        2.5810546875,
        2.6337890625,
        2.6884765625,
        2.74609375,
        2.8076171875,
        2.8720703125,
        2.94140625,
        3.015625,
        3.095703125,
        3.1826171875,
        3.279296875,
        3.38671875,
        3.509765625,
        3.6533203125,
        3.8291015625,
        4.0556640625,
        4.3955078125
    ]
}