{
    "thr_2": [
        0.9765625
    ],
    "thr_3": [
        0.5,
        1.046875,
        1.74609375
    ],
    "thr_4": [
        0.2578125,
        0.521484375,
        0.798828125,
        1.09765625,
        1.435546875,
        1.841796875,
        2.400390625
    ],
    "thr_6": [
        0.06640625,
        0.1328125,
        0.2001953125,
        0.267578125,
        0.3359375,
        0.404296875,
        0.47265625,
        0.54296875,
        0.61328125,
        0.685546875,
        0.7578125,
        0.83203125,
        0.908203125,
        0.986328125,
        1.0654296875,
        1.1474609375,
        1.232421875,
        1.3193359375,
        1.4111328125,
        1.505859375,
        1.6064453125,
        1.7119140625,
        1.8251953125,
        1.9462890625,
        2.0771484375,
        2.2216796875,
        2.3837890625,
        2.5703125,
        2.79296875,
        3.076171875,
        3.48828125
    ],
    "thr_8": [
        0.016892801716505406,
        0.0337872105665724,
        0.05068483475438437,
        0.06758728462721766,
        0.08449617375161746,
        0.10141311999514592,
        0.1183397466155886,
        0.13527768335952936,
        0.1522285675722353,
        0.16919404532083057,
        0.18617577253278222,
        0.20317541615177243,
        0.22019465531309007,
        0.23723518254074083,
        0.2542987049685488,
        0.2713869455876053,
        0.28850164452251187,
        0.30564456033896487,
        0.32281747138534006,
        0.34002217717105654,
        0.35726049978463176,
        0.37453428535448413,
        0.3918454055556973,
        0.4091957591661314,
        0.426587273675453,
        0.44402190695085875,
        0.46150164896348606,
        0.47902852357974574,
        0.49660459042206806,
        0.5142319468038374,
        0.531912729743595,
        0.5496491180639224,
        0.5674433345807772,
        0.5852976483894473,
        0.6032143772537104,
        0.6211958901052547,
        0.6392446096609157,
        0.6573630151658354,
        0.6755536452712453,
        0.6938191010562275,
        0.7121620492035181,
        0.7305852253401932,
        0.7490914375549239,
        0.7676835701044162,
        0.7863645873226643,
        0.8051375377477578,
        0.8240055584822028,
        0.8429718798040565,
        0.8620398300476423,
        0.8812128407742343,
        0.9004944522548808,
        0.9198883192894991,
        0.9393982173885479,
        0.9590280493459756,
        0.9787818522348007,
        0.9986638048596174,
        1.0186782357035828,
        1.0388296314110677,
        1.0591226458511815,
        1.0795621098118833,
        1.100153041379395,
        1.120900657063248,
        1.1418103837335611,
        1.1628878714441846,
        1.1841390072232483,
        1.2055699299215383,
        1.2271870462191488,
        1.248997047902167,
        1.2710069305339542,
        1.2932240136600897,
        1.3156559627025337,
        1.3383108127173216,
        1.3611969942115039,
        1.384323361239519,
        1.4076992220272215,
        1.4313343724040055,
        1.455239132360551,
        1.479424386092555,
        1.503901625940389,
        1.5286830006921788,
        1.5537813687848288,
        1.5792103570157583,
        1.6049844254697994,
        1.6311189394734402,
        1.6576302495156539,
        1.6845357802249061,
        1.7118541296705354,
        1.739605180469655,
        1.7678102244356957,
        1.7964921028112526,
        1.8256753644981114,
        1.8553864451464968,
        1.8856538705132422,
        1.9165084881697507,
        1.9479837324676363,
        1.980115928694845,
        2.012944643632901,
        2.0465130913293557,
        2.080868604925197,
        2.116063187954576,
        2.152154161839366,
        2.1892049305739176,
        2.227285889167647,
        2.266475509748298,
        2.306861648982015,
        2.3485431335758076,
        2.3916316984554267,
        2.4362543767633964,
        2.482556475102288,
        2.5307053160351867,
        2.580894999859969,
        2.6333525403778597,
        2.6883458830974902,
        2.7461945495722775,
        2.807284020692517,
        2.872085567424507,
        2.941184229970932,
        3.015319361790909,
        3.09544524921119,
        3.1828251862107853,
        3.279184205267203,
        3.386971293570601,
        3.5098428666805193,
        3.6536427566202025,
        3.828671707507194,
        4.056143616659846,
        4.395110982414863
    ]
}